movie_name,year,genre,description
The Hook,1976,"Crime, Thriller","Kostas is an all-powerful tycoon, in love with his beautiful wife, Iro, who, however, is cheating on him with a young playboy, Nikos."
No Rain at Timburi,1954,Action,The wife of the North Kenya District Commissioner joins him in Africa and encounters trouble with the natives.
Kapitan Bagwis,1951,"Action, Adventure, Family",Anita Linda loves and is betrothed the Efren Reyes loves Anita but Patria Plata falls in love with Efren what a romance.
The Plot to Assassinate Hitler,1955,"Drama, History, Thriller",A disillusioned Wehrmacht officer named Colonel Claus von Stauffenberg and his co-conspirators attempt to assassinate Adolf Hitler on 20 July 1944.
Patient 17,2011,"Crime, Drama, Mystery","Sam and Gaby, 2 medical interns, are asked to investigate patient Sarah in a criminal case. But as they search for the truth, they witness unexplained events."
Sat Shri Akaal England,2017,"Comedy, Family","After getting his visa to Germany denied, a man tries to marry British woman so he can move to England."
Horseface 2: Reverse the Curse,2017,"Adventure, Comedy, Fantasy","Delshawn, ""The Chosen One"", is back in action, but this time, it's not for destiny. Not for revenge. Not for justice. ...For answers."
Veerappan,2016,"Action, Biography, Crime","Officer Kannan leads a group of police officers to track down the bandit, Veerappan."
A Ilha do Amor,1981,Adventure,"A French girl named Nathalie inherits an almost uninhabited island called ""Xavana"" off the coast of Rio de Janeiro, Brazil. She and some friends board a yacht, and travel there to explore and have fun in the sun."
Baba Yaga: Terror of the Dark Forest,2020,"Adventure, Fantasy, Horror","When Egor's mom dies, he gets a stepmom and then a baby half sister. Things get seriously twisted when his dad gets a hot nanny, who's the witch, Baba Yaga."
Doctor Prim,2021,"Drama, Horror","A group of individuals come together during the virus lock down. They tell their stories of love, hate, greed and death."
The Wrong Husband,2019,Thriller,"Melanie's suspicion is proven correct when her husband's identical twin is living with her pretending to be her husband, endangering their lives with his sinister plans."
East West,2020,"Action, Adventure, Drama","Ezequiel, a former professional car racer, returns to his hometown after 15 years to compete in his last race. He finds Stela, an old affair; Angelo, the family patriarch, as well as Pedro, a 16 year-old boy who dreams of being a driver."
Wei qing shao nu,1994,"Drama, Thriller",A girl has a nightmare and decides to explore the secret of her dead mother.
Gentle Giant,1967,"Drama, Family","A young boy befriends an orphaned cub and raises him to adult-bearhood. This fine family feature. based on Walt Morey's novel ""Gentle Ben,"" was the basis for the ""Gentle Ben"" television series."
The Golden Girls,1995,"Comedy, Drama, Romance","Romantic comedy starring Anita Yuen and Lau Ching Wan, who are involved in a triangle relationship with Ada Choi."
The Caretakers,2014,Thriller,An aging caretaker for a powerful vampire must help hunt down a rogue half-breed vampire at the same time that he trains his two new apprentices.
Banaras,2022,Romance,"An astronaut from an indefinite future fall in love with a girl in present time each other. When his i love is threatened by an existential element, responsibility falls on him to save her, using his future knowledge as an edge ahead."
Vegetarian Cannibal,2012,"Crime, Drama",A medical horror of corrupt gynecologists and true events from Croatian hospitals that will shock the public.
Her Counterfeiter,2017,"Crime, Drama","The most pristine undetectable hundred dollar bill ever made, an unknown failed artist looking to get out of the business for good, and an ambition secret service agent walk into a bar.."
Becky Sharp,1935,"Drama, Romance, War","Against the backdrop of Napoleon's Waterloo campaign, an ambitious woman from a family of entertainers begins a destructive climb up the social ladder."
8 Assassins,2014,"Action, Adventure","Amir and his friends robbed a bank, but he had another plan, he chose to escape with the money to a village in the desert where he got to cope with a gang controlling the village."
Successive Slidings of Pleasure,1974,"Fantasy, Horror, Thriller","A cult erotic drama from the perverse imagination of Alain Robbe-Grillet, SUCCESSIVE SLIDINGS OF PLEASURE delves into the twisted mind of a young woman suspected in the stabbing death of her roommate Nora."
Gate 2: The Trespassers,1990,"Fantasy, Horror, Comedy","Four teens summon forth a diminuitive, demonic minion from The Other Side to do their bidding and grant their wishes, but of course, they must all ultimately pay the price..."
Casa Amor: Exclusive for Ladies,2015,"Comedy, Romance","After getting fired from a children's toy company, an overworked marketing executive teams up with her bohemian sex-shop-owner neighbor to create better toys of a different kind, reigniting her stilted marriage in the process."
Valentina,1989,"Action, Horror",THE SERPENT-HAIRED VIXEN SOWS FEAR AND TERROR AMONG THE TOWNSPEOPLE AND CITE DWELLERS ALIKE.
The Life and Loves of Mozart,1955,"Biography, Drama, Music","Explores the mental state of Mozart during production of his final opera ""Die Zauberflöte""."
Double Dhamaal,2011,"Comedy, Crime, Drama",Four slackers decide to avenge their humiliation at the hands of a con-man.
Blbec z Xeenemunde,1963,"Comedy, Drama, Fantasy","A dark comedy, set during the second World War in Germany. Mentally retarded 16 year old boy manages to calculate the exact focus of miniature rockets and mercilessly kills people he does not like."
The Last Conception,2020,"Comedy, Drama, Family",The Sikand family learns they are part of an ancient bloodline and the only hope at continuing is their gay daughter Savarna.
Corinthian Jack,1921,"Adventure, Crime",A boxer saves a girl from a noble kidnapper.
Barilan sa Pugad Lawin,1963,"Action, Drama",Scorching hatred seething fury EXPLODE to gunfight at Hawk's lair.
Ada... A Way of Life,2010,"Action, Crime, Drama",A young man whose father is killed takes to violence.
She Is Love,2022,"Comedy, Drama, Romance","Coming face-to-face after being estranged for over a decade, divorced couple, Idris and Patricia, opt to revisit the past and traverse that treacherous path together, emerging open to new beginnings."
Polly,2010,Horror,24 year old Polly Marie Davis spent 186 days in the clutches of a madman. Her body was battered and broken but her will to survive never wavered.
Black Butterfly,2017,Thriller,A reclusive screenwriter takes in a mysterious drifter who is determined to repay his kindness by helping him finish his latest story.
Lucas,1986,"Comedy, Drama, Romance","A socially inept fourteen-year-old experiences heartbreak for the first time when his two best friends - Cappie, an older-brother figure, and Maggie, the new girl with whom he is in love - fall for each other."
Beni Osman öldürdü,1963,"Comedy, Crime, Mystery","The police step in when the race to grab a share of the inheritance between the rushing son, the lawyer's assistant and the relatives causes mysterious deaths."
Cecil,2019,"Comedy, Family","Cecil Stevens' name reveals his lisp so he changes it to ""Michael Jordan."" His whole school learns a lesson about acceptance after he and his friends start a business with the corrupt principal that sells celebrity names to kids."
The Love Between Us,2020,"Drama, Romance","This is the story of a young, immigrant couple, whose love is tested by real life struggles and challenges on a foreign soil."
Til Freddy,2020,"Drama, Mystery, Thriller","Freddy is going on one last camping trip with his closest classmates. Before the trip, he finds a box with letters that claim to tell the future. The message is clear: One of his friends is going to kill him."
Spriggan,1998,"Animation, Action, Adventure",An elite superhuman agent must stop a foreign military unit from seizing control of an ancient artifact that holds the key to ultimate power.
Muqaddar,1996,Crime,"A gang war takes place between two rivals - Shiva and Parshuram. ACP Khurana is appointed to bring the city back to normal. But when Shiva plans to kill him, destiny has something different for him."
Love Action Drama,2019,"Comedy, Romance",A man goes through all kinds of action to impress the girl he is in love with a hope to marry her.
The Good Soldier Shweik,2010,"Animation, Comedy, Family",An average soldier is caught up in the cogs of an inhuman war machine during the First World War...
Bungo Stray Dogs: Dead Apple,2018,"Animation, Action, Mystery",The Armed Detective Agency investigates a bizarre series of suicides involving an eerie mist.
Womb Raider,2003,"Adventure, Fantasy","When wealthy treasure hunter Cara Loft meets reclusive art collector, Dr. Scrotus, the sexy adventurer is thrust head on into the greatest and most dangerous erotic adventure of her life: the search for the three sacred ""wombs."""
Grace of God,2014,"Drama, Family","Detective Broadly, who lost his faith many years ago, is called to investigate the disappearance of a church's collection plate. When a churchgoer admits to stealing the funds, the confession resurrects Broadly's views on God."
Negro es un bello color,1974,"Drama, Family","An affluent Mexican performer is troubled when her son announces his intentions to marry a Black American woman, and her daughter exhibits erratic behavior."
Penny Points to Paradise,1951,"Comedy, Crime",Harry Flakers is a pools winner who is targeted by a forger.
My Grandpa Is a Vampire,1992,"Comedy, Family","Sent on a trip from California to New Zealand to visit with his eccentric grandfather, Lonny discovers that his grandpa is a vampire. Unnerved at first, he soon discovers that his grandpa is a good vampire."
Shaolin Daredevils,1979,"Action, Drama",The heroes pose as gun dealers and acrobats in order to get close to the bad guys so they can avenge the death of one of their brothers. In the end they lock the bad guys in a warehouse for a final battle to the death.
Cruel Hearts,2018,Thriller,"A young man, Guy, discovers the woman he's been sleeping with is not only married, but married to Burt Walker, a notorious low-level crime boss."
Pearl Harbor,2001,"Action, Drama, History",A tale of war and romance mixed in with history. The story follows two lifelong friends and a beautiful nurse who are caught up in the horror of an infamous Sunday morning in 1941.
Wolfe with an E,2011,"Comedy, Music, Sci-Fi",Comic mis-adventures ensue when an English music journalist and her science fiction writing neighbor go searching Hollywood for an LA based musician named Henry Wolfe.
Men,2022,"Drama, Fantasy, Horror",A young woman goes on a solo vacation to the English countryside following the death of her ex-husband.
Zatoichi Challenged,1967,"Drama, Adventure, Action","After an artist is threatened by the yakuza into creating valuable but highly illegal pornography, the law aims to execute him. Zatoichi, having been honor bound to protect the man and his family, must now run against the law."
Devoción,2023,"Drama, Romance","Follows Fernando, a priest accused of murder, as he encounters with Ruth, the woman who falls in love with him, and the real crime plot unravels after several intimate rendezvous over a number of years."
Cousinhood,2011,"Adventure, Comedy, Drama",Three cousins travel to the village where they spent summer vacations as kids.
Pieces We Leave Behind,2023,"Drama, Romance","After his wife's death, Matt sets out on the journey across California to bury pieces of her jewelry in the places she wanted to visit."
Amheukgaui 25shi,1970,Crime,"Five people, unaware of the true identities of eac other, bind together to rob a villa on Mt Fuji of thousands of dollars worth of diamonds. However, they are betrayed by one of their members and learn that the target was never diamonds, but a North Korean microfilm"
Hanuman the Immortal,2010,Animation,"Hanuman, under the advice of Vaayu proceeds to the earth to help the chosen savior Kabir from the evil forces of Rock Shah. He along with Maya finally puts an end to Rock Shahs wicked ambitions to dust and help Kabir save the world"
Her Lonely Soldier,1919,"Comedy, Romance","A spinster sends her sister's photograph to a soldier, whose friend poses as him."
Film Noir,2007,"Animation, Crime, Mystery",Private detective Sam Ruben's clever plan falls apart with the onset of amnesia. Everyone is trying to kill him and he doesn't know why. The classic film noir milieu now comes to you in the form of an animated feature.
The Diary of an Innocent Boy,1968,"Comedy, Romance","Young innocent aristocrat Benjamin comes to live with his Countess aunt. Her lover teaches him the techniques of seduction and sends him to test them, first on the maids, then on the upper class Anne and finally on the countess herself."
Imo,2018,Fantasy,"Three women revisit their memories and within the realms of this place, ruled by their past anguish, they catch a glimpse of possible reactions they could have had when under oppression."
Zombie Dream,2014,Horror,Actor Eric Roberts stops an interview to recount a horrific nightmare he'd experienced earlier in the day. We enter the nightmare.
Nick the Geek,2010,"Comedy, Fantasy, Horror","Nick is a student who moves to a new place to study for his exams. Unfortunately his roommates give him hell but he always manages to forgive them after a visit from Jesus Christ, Virgin Mary and God in his sleep..Until one day he snaps."
Voir la mer,2011,"Comedy, Drama, Romance","Two brothers go on a summer vacation to visit their mother in Saint-Jean-de-Luz. The plan was to go alone on a brothers' road trip across France, but a charming young woman crosses their path."
"Death, Deceit & Destiny Aboard the Orient Express",2001,"Action, Thriller","On New Year's Eve, jaded action movie star Jack Chase is traveling on the Orient Express with the rich and famous. Terrorist leader Tarik and his gang take over the train forcing Chase to become the hero he always just pretended to be."
Los Flamencos,2013,"Adventure, Comedy",Three small time criminal brothers plan a final heist before they are too old to do so.
Faro,2013,"Adventure, Drama",The police are pursuing a man wanted for murder. If the man is arrested his daughter will be placed in foster care. To stay free they escape into the wilderness. Faro refers to a Portuguese city that the father once visited.
Sunset Society,2018,Horror,"Ace (Motorhead's Lemmy Kilmister) is the head of the Sunset Society - a secret vampire organization that hosts the best parties in Hollywood. Even as the blood flows freely, the club will do anything to keep their existence a secret."
King of the Congo,1952,Adventure,An Air Force captain is assigned to find some missing top-secret microfilm.
Mockingbird,2014,"Horror, Thriller",A couple are given a camera and a set of instructions which they must follow or else someone will die.
L'invité surprise,1989,"Action, Comedy, Crime","During the broadcast of a live game show, a surprise guest is shot by an armed assassin.The victim, Martin Gaillard, recounts the bizarre series of events that led to this extraordinary denouement."
Premier de cordée,1944,"Adventure, Drama","Zian Servettaz is a dedicated mountain man. His Italian-born wife Bianca does not adjust well to his mountain village in France, and to the ever life-threatening dangers presented by his mountain guiding and climbing."
Six: The Mark Unleashed,2004,"Action, Drama, Sci-Fi","In the last days before Armaggeddon, three men must make one eternal choice: receive the mark of the devil or stand for Christ. This movie will make you think about your own life choices."
The Blonde Bandit,1949,"Action, Crime, Drama","Newly arrived in a Western city, Kansan Gloria Dell waits at the train station to meet Larry Goodrich, the fiance' she has corresponded with, but never met. When he doesn't arrive, Mrs. ...                See full synopsis »"
Callas Forever,2002,"Biography, Drama, Music",The last days of legendary opera singer Maria Callas.
Vidya Vasula Aham,2023,"Comedy, Romance","Two independent ego-centric couple, Vidya and Vasu. Their love journey begins after the wedding, arranged by their parents. But when Ego is more important than a relationship, it's hard to sail."
Atone,2019,Action,"Former special ops soldier, Laura Bishop, shows up for work at the largest church in America and is forced to take down a team of hijackers when she learns her daughter is trapped inside."
The Count of the Old Town,1935,"Comedy, Romance","In one of the narrow streets of the Old town of Stockholm lies hotel City. It's inhabited by mysterious characters such as 'Greven', 'Blomman' and others. The police inspector Göransson is chasing a jewel thief, 'Diamond-Lasse'."
Sun Kissed,2006,"Drama, Romance","Teddy, a young writer, ventures to an isolated desert house to complete his first novel, where he meets and seduces the mysterious caretaker, Leo. Layers of memory and hallucination unfold that intertwine the two men."
Project Nightmare,1987,"Horror, Sci-Fi, Thriller","Two men in a deserted area without knowing how they got there, are trying to escape from an unknown force that pursues them. They soon discover that a secret government experiment is responsible for their situation."
Joshua Tree,1993,"Action, Adventure, Crime",A framed prison escapee unknowingly kidnaps a female cop en-route to a rendezvous with the corrupt cop who put him behind bars.
Wither,2012,"Horror, Thriller",Ida and Albin are a happy couple. They set off to a cabin in the vast Swedish woodlands to have a fun holiday with their friends. But under the floorboards waits an evil from Sweden's dark past.
Genome,2017,Sci-Fi,"When Canyon discovers a mysterious device in the desert, he activates it, uncovering its secrets and the dangers that are brought with it."
Older,2020,"Drama, Romance","Older is a drama/romance about sex, love, relationships, growing up and how our nostalgic attachment to the past can colour our perception of the present, sometimes for the worse."
13 West Street,1962,"Crime, Drama",An aerospace engineer (Ladd) ignores a policeman (Steiger) and hunts down a gang of juvenile delinquents.
Dear Nathan: Thank You Salma,2022,"Drama, Romance",Nathan and Salma enter the world of social activism. Salma chooses to express himself digitally while Nathan chooses to take to the streets. This difference sparked a big fight when Nathan is involved in a big riot at a demonstration.
Boring Love,2009,"Comedy, Drama, Romance","Ped loses his girlfriend and is heartbroken. He begins a new job and meets Oiy who confesses his love to him. Oiy is a male co-worker and Ped rejects him, not being gay. As time goes by a reluctant affection toward Oiy slowly develops."
Lucky Partners,1940,"Comedy, Drama, Romance","Two strangers share a sweepstakes ticket and then embark on an ""imaginary"" honeymoon with their ""winnings""."
Stained,2010,Thriller,"An intense thriller about a lonely bookseller's obsessive love affair, and her protective best friend, who alone knows the horrible truth about her obsession."
Infinity & Chashu Ramen,2013,"Comedy, Fantasy, Romance",Two spirits link the lives of dozens of residents of San Francisco's Japantown as told through a series of six interwoven vignettes.
It Takes a Thief,1960,"Crime, Drama, Thriller","A gang leader dumps her criminal boyfriend when he is convicted of robbery, but he recovers the stolen loot once he's released. In retaliation, the gang kidnaps his son and demands the money as ransom."
Christmas Hear Kids,2013,"Drama, Horror, Thriller",A taxi driver finds out the woman in the back of his cab is out for revenge against the man that abused her as a child: him.
Flight for Freedom,1943,"Drama, Music, Romance","The life of air pioneer Amelia Earhart is here given a fictionalized treatment, with a speculative conclusion."
Romeo.Juliet,1990,"Drama, Romance",The tale centers on an eccentric bag lady who rescues the stray cats of Venice and puts them on a boat to set sail for the New World.
"Veni, vidi, vici",2009,"Comedy, Drama, Romance","A young boy named Honza is a bad student, but becomes a promising golfer and experiences the sweet life in the spotlight. But he almost loses not only his girl but also himself in the process."
Arachnophobia,1990,"Comedy, Horror, Thriller",A species of South American killer spider hitches a lift to the U.S. in a coffin and starts to breed and kill.
Tharangam,2017,"Action, Comedy",The misadventures of two bumbling cops. Featuring a cast of colorful characters each with their own agenda.
Fiends on the Run,2017,"Comedy, Horror, Thriller","A trio of nomadic cannibals face the wrath of Lloyd, who is seeking revenge for the death of his friend at their hands."
The Phantom of the Air,1933,"Action, Adventure","After inventing an anti-gravity device, scientist Thomas Edmonds and his daughter Mary attend the National Air Races in Cleveland, Ohio in search of a pilot to demonstrate the device and Bob Raymond, from the U.S. Border Patrol, is chosen."
Supercop,1992,"Action, Comedy, Crime",A Hong Kong detective teams up with his female Red Chinese counterpart to stop a Chinese drug czar.
Since You Went Away,1944,"Drama, Romance, War","With her husband away to fight in World War II, a housewife must care for their two daughters alone."
O Capitão Bandeira Contra o Dr. Moura Brasil,1971,"Comedy, Thriller","Successful manager is haunted by a sinister character who enters his dreams, Dr. Moura Brasil."
Nevermind the Knife,2022,"Drama, Thriller",A young woman on the run is determined to make the world a better place - even if it kills her.
Wide Awake,1998,"Comedy, Drama, Family",A 10-year-old boy goes on a search for God after his grandfather dies.
Ro(c)k podvratáku,2006,"Comedy, Crime","Group of young rock boys need money for their performing. Soo, they decide to rob big drug boss. Czech comedy."
Krack,2021,"Action, Crime, Thriller","Krack is an action film which follows Veera Shankar, a hot headed police sergeant, who forms a vicious rivalry with notorious crime figure, Katari Krishna."
Banana Joe,1982,"Action, Comedy","A man is living happily on an island with his family, growing bananas. When a local mobster with an eye on man's property tries to take it from him, he must go to the town for the first time to get some help."
Rogue Trader,1999,"Crime, Drama, History","The story of Nick Leeson, an ambitious investment broker who singlehandedly bankrupted one of the oldest and most important banks in Britain."
Burnt In,1920,Crime,A potter's confession to killing his brother gets turned into a vase beneath which it was hidden.
Floodtide,1949,"Drama, Romance",David Shields decides to become a ship designer instead of following the family tradition and entering farming.
The Yesterday's Shadows,2011,Horror,"Hamid, a rich car salesman from Kabul is plagued by nightmares. Are these just figments of his imagination or is he hiding some dark secrets from his past? Secrets clawing to get out..."
Alibi Ike,1935,"Comedy, Family, Romance","Idiosyncratic new recruit Francis ""Ike"" Farrell tries to help the Cubs to the pennant with his pitching and hitting."
Thrilling,1965,"Comedy, Mystery, Thriller",An anthology film / black comedy about three ordinary men who become involved in violent crimes.
Hide and Never Seek,2016,Horror,A broadcaster of live horror themed streams receives a video which contains a female high school student disappearing right after she was calling a ghost while playing hide and (go) seek alone. He then goes to investigate.
Mo deng ya men,1983,"Action, Comedy",Buddy cops Porky and Big Mouth are promoted to the anti-prostitution division after solving a robbery case.
A Fish Tale,2000,"Animation, Adventure, Comedy","Three children accidentally get turned into fish after drinking a potion made by an eccentric scientist. When the kids end up in the sea, they must find the antidote within 48 hours or remain as fish forever."
Monster,2019,"Crime, Drama","After losing his innocence, his best friend, and the love of his adolescence, this coming-of-age gangster drama follows Harman in an hour of his night within a new life of violence."
Yo el ejecutor,1987,"Action, Crime, Drama","After a failed mission mercenary known as 'The Executioner', is forced to take one more case when his sister is kidnapped and raped as an attempt to get to him. He then wages a one-man war against the mob with his execution style."
Silent Mist,2017,Thriller,"In a small canal town, a rapist lurks in the shadows. A schoolgirl, a young woman and a young couple, all seem unable to cope with both the visible and the hidden dangers they all face from their morally corrupted compatriots."
Portrait of My Love,1965,"Romance, Drama",The love story of the year; the love team of all time.
Pagan Peak VR,2019,"Horror, Thriller",A journey to the darkest corners of the human mind.
Bed & Breakfast: Love is a Happy Accident,2010,"Comedy, Romance","Jake's as good as divorced. He opens a B&B in the California wine district. Meanwhile, hardworking, cute, unwed Ana in Rio inherits debt and that property and must sell so she travels to the B&B."
Faut pas prendre les enfants du bon Dieu pour des canards sauvages,1968,"Comedy, Crime","Rita will play her relationships, especially in love, among the crooks to get her share of gold bars."
Weekend of Shadows,1978,"Crime, Drama","In the 1930s, a farmer's wife in a small town is murdered. Suspicion falls on a Polish labourer and a posse is formed to catch him."
I Choose Chaos,2011,"Crime, Drama, Horror","Upon reuniting with his friend Gage, a disengaged man named Owen is set on a deadly path to gain control of his own life. Can he survive?"
Curse of Jack Frost,2022,Horror,"A family is terrorized by a Christmas demon, Jack Frost, and must learn their family's dark secrets that link to why they are cursed. This Christmas, Jack will stop at nothing to exact his vengeance on those left in the bloodline."
Yujeong mujeong,1970,"Drama, Romance","When Mi-kyeong's father returns from Singapore, he forbids her engagement to Jun-ho because the latter is the son of his old rival, Park Jeong-tae. He and Jeong-tae had competed decades ago for the love of Mi-kyeong's mother."
New Orleans Uncensored,1955,"Crime, Drama, Film-Noir",A Navy veteran purchases a government surplus vessel and becomes involved in the capture of waterfront racketeers.
Hudson Taylor,1981,"Biography, Drama","Biopic of Hudson Taylor (1832-1905), a British protestant missionary in China."
El secreto,2010,"Mystery, Thriller",La vida de una mujer cambia totalmente tras el asesinato de su madre y al llegar a vivir con una tía se da cuenta que guarda un secreto que ha permanecido oculto y resguardado por siglos.
Those Who Kill: Shadow of the Past,2011,"Crime, Drama, Thriller","A forensic psychiatrist decides to change work. Days before leaving, a case of 5 shot on a Copenhagen city bus might involve an old patient of his. Other murders follow. He can't stop before the case is solved."
2001: A Space Odyssey,1968,"Adventure, Sci-Fi","After uncovering a mysterious artifact buried beneath the Lunar surface, a spacecraft is sent to Jupiter to find its origins - a spacecraft manned by two men and the supercomputer H.A.L. 9000."
The Lost Express,1925,Mystery,Kidnapping and marital reconciliation drive this action film set on a millionaire's private train.
Kurzer Prozeß,1967,"Crime, Drama, Thriller",An inconspicuous policeman is send to solve a murder case.
Scandal Sheet,1952,"Crime, Drama, Film-Noir",The editor of an exploitation newspaper commits a murder and assigns his protégé to investigate hoping to divert attention away from himself.
Reclaim,2014,"Action, Crime, Drama","A desperate American couple discovers all is not what it seems when they uncover a high-stakes underground scam while traveling abroad. To expose the truth and get back to the U.S., they must risk their lives to save their daughter."
Christmas Mail,2010,"Comedy, Drama, Family","In this holiday romantic comedy, a mysterious woman who works at the post office answering Santa's mail captures the heart of a disillusioned postal carrier"
Light Speed,1998,"Horror, Sci-Fi",A space freighter that has gone adrift suddenly catapults into an alternate universe.
Willie-Willie,2021,Horror,"The tables turn when a dead child who was always bullied by his big brothers, supernaturally gets another opportunity to walk the earth as an avenging spirit and pays back a favor."
The Brides of Dracula,1960,Horror,"Vampire hunter Van Helsing returns to Transylvania to destroy handsome bloodsucker Baron Meinster, who has designs on beautiful young schoolteacher Marianne."
Los chicos con las chicas,1967,"Comedy, Musical, Romance","Mike and his friends make plans for a mountain vacation. Near where they're camping is a girls' school where men are strictly forbidden. But when Mike falls in love with a student, he manages to get into school as a music teacher."
Tony Martone,2022,Crime,"Tony ""Untouchable"" Martone leads the mafia in East Providence, RI until a rival family (Amato) attempts to take control of their territory."
Jurassic World: Fallen Kingdom,2018,"Action, Adventure, Sci-Fi","When the island's dormant volcano begins roaring to life, Owen and Claire mount a campaign to rescue the remaining dinosaurs from this extinction-level event."
Sergeant York,1941,"Biography, Drama, History","A Tennessee farmer and marksman is drafted in World War I, and struggles with his pacifist inclinations before becoming one of the most celebrated war heroes."
Without A Trace,1976,"Crime, Drama",Nader has lost his memory in an accident. He manages to escape from hospital and finds Sepideh and falls in love. He later gets back his memory and returns to his home but there remembers Sepideh and returns to her to live together.
The Sound Barrier,1952,"Adventure, Drama, Romance",Fictionalized story of British aerospace engineers solving the problem of supersonic flight.
Magkaribal,1979,"Drama, Romance","TWO WOMAN, FORMERLY THE BEST FOR BEAT OF FRIENDS, BECOMES THE WORST OF ENEMIES WHEN THEY FALL FOR THE SAME MAN -. ADULT ONLY"
Disi düsman,1966,"Adventure, Drama",Heroic tale of a swashbuckler and his patriotic comrades who defend their nation against enemies both external and internal.
A Low Down Dirty Shame,1994,"Action, Comedy, Crime","An ex-cop, now a private detective, takes on the search for the millions stolen by a drug lord."
Incubus,2006,"Horror, Mystery, Thriller","Stranded after a car accident, a medical school student and her friends try to find shelter - only to cross paths with a deranged killer."
The SpongeBob Movie: Sponge on the Run,2020,"Animation, Adventure, Comedy","After SpongeBob's beloved pet snail Gary is snail-napped, he and Patrick embark on an epic adventure to The Lost City of Atlantic City to bring Gary home."
Kingshighway,2010,Crime,"A young man visits a bar and falls for the waitress whose family turns out to be tied to Italian mob. The head henchman doesn't like him, so things heat up, even though the don likes him. Then stolen diamonds enter the picture."
Healing Land,2020,"Drama, Thriller",A black preacher awakens to black consciousness theology and embarks on a revolution to preach a gospel that appeals to the black struggle in Africa.
19,2000,"Comedy, Crime, Drama",Stylish road movie in which a kidnapped youth becomes friends with his abductors.
The Boondock Saints,1999,"Action, Thriller",Two Irish Catholic brothers become vigilantes and wipe out Boston's criminal underworld in the name of God.
Fear Clinic,2014,Horror,"A doctor works to cure patients suffering from crippling phobias by placing them inside his invention, which induces and controls hallucinations."
The Poorhouse Revisited,2011,"Fantasy, Horror, Mystery","In the time of Ireland's Great Famine, an elderly gravedigger revisits a traumatic event through the decaying visions of his fragmented dreams."
The Ward,2010,"Horror, Mystery, Thriller",An institutionalized young woman becomes terrorized by a ghost.
Aniara,2018,"Drama, Sci-Fi","A spaceship carrying settlers to Mars is knocked off course, causing the consumption-obsessed passengers to consider their place in the universe."
The Last Women of the Philippines,1986,"Action, Adventure",Two young sisters are shipwrecked on a deserted island with their teacher Ms. Muro.
The Cokeville Miracle,2015,"Drama, Family, History","Children who were held hostage in their elementary school tell stories of miraculous things, but many adults are skeptical that the Cokeville Miracle ever truly happened."
Zura Deka,2006,"Action, Comedy",Genda is a street cop with a secret weapon: his toupée.
Take the Money and Run,1969,"Comedy, Crime","The life and times of Virgil Starkwell, inept bank robber."
Thikka,2016,"Action, Comedy","A freaky incident during a man's breakup party leads to an ultimate change in his life as uncalled situations pop up, eventually leading to a lot of frenzy."
The Horsemen,2016,"Drama, Thriller, War","When journalist Jack Carter is held prisoner by an oppressive government years after a divisive election, he recounts democracy's swan song to a young soldier."
The 6th Kiss,2018,"Comedy, Romance",A boy gets in trouble at school after going to extremes to stop a kiss from happening. Now he has to convince his principal of the 6th kiss theory while trying to plan out his own 6th kiss.
Drunken Angel,1948,"Crime, Drama, Romance",A drunken doctor with a hot temper and a violence-prone gangster with tuberculosis form a quicksilver bond.
Kilties Three,1918,"Drama, War",In Edinburgh a foundry owner weds a German spy's widow who becomes a nurse.
Before the Deluge,1954,"Crime, Drama",Self-centered parents of the 50's targeted by drama in which teenagers panicking after burglary supposed to finance the run from the Third World War.
Mercy's Girl,2018,"Drama, Romance","A closeted gay woman, Mercy (Emily Lape), meets an attractive, sexual and loving college student named Jesse (Alison Hixon) that challenges her to explore her own beliefs on sexuality and religion."
The Vanishing Field,2020,"Drama, Mystery","Disenchanted with the corruption of society, Jacob joins a monastery where his meditation practice ignites a spontaneous out-of-body experience."
Miss Forever,2019,"Drama, Romance",A touching coming-of-age story that follows an engineering boy who falls in love with a girl. To have had you once in my life is already enough.
The Protector,2019,"Comedy, Romance","Based on the novel by best selling author, Jodi Ellen Malpas."
Carolina's Calling,2021,"Adventure, Comedy, Sci-Fi","When Martin a brilliant but failing engineer creates an infinite power source that causes an oddball space alien to crash land on Earth, the two form a comedic alliance in their quest to get Bob home."
My Blind Brother,2016,"Comedy, Drama, Romance",The rivalry between two brothers reaches a fever pitch during a charity swim competition.
Zaldong Batangueno,1963,"Action, Comedy",Exploding Action. Spilling Laughter.
Steve Jobs,2015,"Biography, Drama","Steve Jobs takes us behind the scenes of the digital revolution, to paint a portrait of the man at its epicenter. The story unfolds backstage at three iconic product launches, ending in 1998 with the unveiling of the iMac."
The Haunting of M.R. James,2018,Horror,Five of the most tales by the master of the ghost story M.R. James dramatized for BBC Radio 4.
I Went To,2000,"Action, Crime",New magistrate cleans up a corrupt town in his own comic Samurai way.
Razorback,1984,"Horror, Thriller","As a vicious wild boar terrorizes the Australian outback, the husband of one of the victims is joined by a hunter and a farmer in a search for the beast."
The Torture Chamber of Dr. Sadism,1967,"Horror, Mystery","A Count executed for murdering twelve virgins in a bid for immortality returns to life, seeking revenge on the daughter of his intended thirteenth victim and the son of his prosecutor."
Spaceballs,1987,"Adventure, Comedy, Sci-Fi",A star-pilot for hire and his trusty sidekick must come to the rescue of a princess and save Planet Druidia from the clutches of the evil Spaceballs.
Wall of Death,1951,"Drama, Romance, Sport",The story about a prizefighter and a motorcycle daredevil that vie for the beautiful girl from the Carnival.
Chil soyeo bokseong,1988,"Action, Thriller","When four prostitutes are killed in Hong Kong, police begin to suspect that it is the work of a serial killer. An international force of seven policewomen are sent undercover in the hopes of trapping the killer"
Berlin '36,2009,"Drama, History, Sport","In the days leading up to the 1936 Olympics, the fate of high jumper Gretel Bergmann hangs in the balance as it is decided whether or not a Jewish athlete can be a part of the German Olympic team."
Shakma,1990,"Horror, Sci-Fi, Thriller",A group of medical students are attacked by an aggressive laboratory animal while competing in an after-hours role-playing game at their school.
Strafbataillon 999,1960,"Drama, War","On the Eastern Front in World War II, a German battalion fights Russian and Partisan soldiers."
Mudhal Nee Mudivum Nee,2022,"Drama, Fantasy, Romance","In the 1990s, a group of high school students in a strict Catholic school navigate their way through everyday teen pressures. Watch Mudhal Nee Mudivum Nee, a ZEE5 Exclusive film."
Dracula,1992,"Drama, Fantasy, Horror",The centuries old vampire Count Dracula comes to England to seduce his barrister Jonathan Harker's fiancée Mina Murray and inflict havoc in the foreign land.
Little Monsters,1989,"Adventure, Comedy, Family",A boy discovers an incredible and gruesome world of monsters under his bed.
Diabolically Yours,1967,"Crime, Drama, Thriller",A wealthy amnesiac begins to suspect that his devoted wife is not really his wife and that he is not the man people keep telling him he is.
The Xrossing,2020,"Crime, Drama, Thriller","When a murder remains unsolved, 3 boys suspect and harass a reclusive indigenous man. One boy decides to break the cycle to make amends, however the inertia of past actions bring multiple characters to a crossroad and thrilling climax."
Morelos,2012,History,"La película retrata los últimos años de la vida de José María Morelos y Pavón (1812-1815), héroe mexicano quien tras burlar el cerco de sus enemigos, toma una de las ciudades más ...                See full synopsis »"
Violación,1989,"Action, Crime, Drama",A woman is raped in her apartment. José a neighboring journalist and his friend Sancho will try to help her by seeing that the police do not come to their aid and the authorities do not do their job.
Frankie,2019,"Drama, Romance","Three generations grappling with a life-changing experience during one day of a vacation in Sintra, Portugal, a historic town known for its dense gardens and fairy-tale villas and palaces."
Love in the Wrong Places,2018,Romance,An ambitious young man loses his girlfriend to a rich guy. His Casanova friend hooks him up with another woman to help get over the breakup.
True Brit,2003,"Action, Comedy, Drama",A cockney girl and her soccer team of thugs confront an Indian player who she had previouly had a fling with.
Indecent Proposal,1993,"Drama, Romance","A billionaire offers $1,000,000 to a young married couple for one night with the wife."
Yomeddine,2018,"Adventure, Comedy, Drama",A Coptic leper and his orphaned apprentice leave the confines of the leper colony for the first time and embark on a journey across Egypt to search for what is left of their families.
Ich kenn' dich nicht und liebe dich,1934,Romance,"A composer, inspired by a magazine photo of a young woman, lands a job as a butler in her family's Riviera villa to find out more."
Molière,2007,"Biography, Comedy","To satisfy his creditors, a witty actor reinvents himself as a satirical playwright, with uproarious, yet bittersweet, results."
Crave,2012,"Drama, Thriller","A downtrodden photographer, haunted by the urban violence and decay around him, retreats into an inner world of dark fantasies."
Romeo Vs Juliet,2015,"Action, Drama, Romance",Romeo is an unruly youth in his local village. He goes to London after seeing his dream girl on Facebook to win her heart.
Maximum Risk,1996,"Action, Thriller","While seeking answers regarding the death of the twin brother he never knew he had, a French cop and his sibling's fiancée find themselves pursued by corrupt FBI agents and the Russian mafia."
Canne mozze,1977,"Action, Crime","Three vicious criminals lead by Rico and his twisted girlfriend Germana evade capture by the law at every turn. A determined cop, Tony, tries to hunt down the masked maniacs after they murder his undercover policewoman girlfriend."
Legittima vendetta,1995,"Mystery, Thriller","An upscale couple visit a villa owned by a woman named Rita for some rest and relaxation, but the husband and Rita have other plans."
The Offering,2020,"Drama, Thriller","Jan, a mysterious character haunted by a deep feeling of guilt, tries to get Violeta back, a youth love he lost 20 years ago, with a sickening plan."
Winning Formula,2015,"Comedy, Crime, Mystery","While backpacking around America, two Aussie girls find themselves deep in turtle racing debt. They devise crafty schemes to earn money any way they can while unwittingly becoming tangled in a dark mystery surrounding their family's past."
My Angel,2011,"Drama, Family","A teenage boy, while his mother is severely ill and his brother is under his care, has a powerful dream of needing to hunt down a magical halo in order to reunite his family for the holidays."
Spy,2015,"Action, Comedy","A desk-bound CIA analyst volunteers to go undercover to infiltrate the world of a deadly arms dealer, and prevent diabolical global disaster."
The Depths,2017,"Crime, Drama, Thriller","Desperate for a measure of success, wannabe screenwriters Mickey Hansen and Ray Ferguson decide to fully explore the depths of murder and crime within their story only to discover their obsession with their work has made it all too real."
Bolo Na Tumi Amar,2010,Romance,"A couple marry in order to save the bride from her father's choice of groom, but they don't actually love each other. It's ""make it work"" time."
Saken: United,2020,"Action, Adventure, Drama",The Saken team and their allies must be willing to sacrifice everything in an attempt to defeat the powerful Korrag before his blitz of devastation and ruin puts an end to reality as we know it.
Karl May,1974,"Biography, Drama, History","This ethereal, three-hour biopic is the middle film in Hans-Jürgen Syberberg's ""German Trilogy"" on the mythological foundations of the Third Reich."
Amore e sangue,1951,"Action, Drama","Period crime drama: The King in Rome sends an official to Naples to break up the Camorra, the powerful group running things behind the scenes, currently they are hunting the man who killed one of their members."
Death Smiles on a Murderer,1973,"Horror, Mystery, Romance","Greta, a mysterious woman with amnesia, is taken in by the wealthy Mr. and Mrs. von Ravensbruck. The three soon enter into a love triangle that turns deadly, as Greta's gruesome past is slowly revealed."
Nu hou kuang hua,1998,"Action, Crime",The widow of an executive tries to find her husband's murderer before she becomes the next victim.
Internes Can't Take Money,1937,"Crime, Drama, Romance","In his first film, young Dr. Kildare helps a female ex-con find her child."
Magnum Opus,2017,"Drama, Thriller","This spy thriller pits veteran-turned-artist, Daniel Cliff, against US intelligence, and secrets from his past lead to hellish journey of lies, betrayal, and government retribution."
Prayer to a Vengeful God,2010,"Action, Drama, Mystery","The story of a man caught in a whirlpool of grief and rage over the murder of his wife, Prayer to a Vengeful God is contemporary revenge drama, presented in an austere visual style, completely without dialogue."
The Survivor,1995,"Drama, History","A slight preview of the palestinian case about a palestinian doctor who lives with his wife and Farahan, his son in Haifa while facing the israeli occupation."
Thunder County,1974,"Crime, Drama","Four women escape from a prison and wind up stranded in a swamp with a lecherous redneck after them. Meanwhile, an federal agent tracks a ring of heroin smugglers through the same swamp."
On the Edge,2014,"Action, Crime, Drama",Two hard-living best friends and aficionados of illegal racing contests find their bond tested when one of them goes to trial for vehicular homicide.
Aw Aakare Aa,2003,"Drama, Family",Passionate cry of a child to change the present education system.
8969,2016,"Crime, Mystery, Thriller","A series of mysterious events take place and upon investigation it is revealed that a revenge is been taken of The Murder which was committed many years ago in Federal B Area,Islamabad."
The Mystery of Snow Queen,2015,Fantasy,"A new interpretation of the most known and beloved fairy tale of Hans Christian Andersen - ""Snow Queen"""
Nagana,1933,"Adventure, Drama, Romance","A doctor searches for the cure for nagana, the sleeping sickness caused by the tsetse fly."
"I, Tonya",2017,"Biography, Comedy, Drama","Competitive ice skater Tonya Harding rises amongst the ranks at the U.S. Figure Skating Championships, but her future in the activity is thrown into doubt when her ex-husband intervenes."
Me Two,2008,"Comedy, Fantasy, Music","Ranu, a shy accountant, suddenly discovers a completely opposite personality living in his head: 80's singer Gilles Gabriel."
Another City,2019,"Comedy, Drama, Romance","Two strangers, fleeing failed relationships in other cities, meet on the streets of New York. As they connect over a single evening, their outlook on life and love is tested."
Calvary,1920,"Drama, Romance","In Cornwall, a shipwrecked boy becomes a priest and loves a slum landlord's wife."
Pigen og vandpytten,1958,"Comedy, Family","A chorus girl gets a ride from a rich shipowner's driver. By the time the gossip reaches the cash-strapped theater director, she's engaged to the shipowner. The just fired girl gets promoted to the lead. Other misunderstandings follow."
Booby Trap,1957,"Crime, Drama, Thriller","An absent minded professor invents a pen that will explode on the sound of bells, then leaves it in a taxi."
Memories,2007,"Drama, History",This is the short Pedro Costa made for the Jeonju Digital Project in 2007.
The Bowery,1933,"Comedy, Drama, Music","In New York's Bowery during the Gay Nineties, a saloon owner and a rebel share a rivalry."
The Brink,2007,Thriller,Three men wake after a hard night of partying and find the body of dead woman in a bathtub. Cue a frantic race against time to identify the killer.
Topper Returns,1941,"Comedy, Fantasy, Mystery",A fun-loving young woman is murdered after trading bedrooms with her wealthy friend. Her ghost seeks aid from Topper to find the murderer.
Behind the Headlines,1953,Crime,Gilbert Harding is interviewed by John Fitzgerald and tells how Scotland Yard tracks down lorry thieves who killed a night watchman. (Authentic hospital operation scenes)
Double Cross,1941,"Action, Adventure, Crime","When a cop is shot dead during a raid, and another is mistakenly shot for killing him, his fellow officer friend goes undercover on his own to bust up the criminal's operation."
Stay Single,2010,"Comedy, Romance","Womanizer Owen Daniels has finally met his match...his dorky roommate, Kevin."
Sacrifice d'honneur,1935,"Drama, War","In a time of national emergency, the wife of the Captain of a French battleship finds that her former lover is now the her husband's first officer. Her attempts to sort out this situation get mixed in with shipwreck and court martial."
Waking Karma,2023,"Horror, Thriller","When high school senior Karma's estranged cult leader father traps her and her mother in a remote forest compound, she must survive a series of psychological trials meant to prepare her for a strange and deadly reincarnation ritual."
Intrépidos punks,1988,"Action, Crime","A gang of punks, led by a masquerader named Tarzan; terrorizing a small Mexican city, robbing banks, raping women, and killing people with cruelties. Two enforcers Marco and Javier fight this gang of punks."
The Good War,2002,"Drama, History, War","During the final days of World War II, an Italian prisoner of war in Texas is left in the hands of the camp's commander, the only soldier remaining to guard the only prisoner until the arrival of a patrol force that may never come."
Valiyavan,2015,"Action, Drama","Viond, who is madly in love with Subiksha, is challenged by her that he fight and win Ashwin, a boxing champion. He accepts her challenge to not only prove his love but also settle an old score."
Taqdeer,1967,"Drama, Family","For the well-being of her children, a destitute widow is forced to marry a man she dislikes."
Hilltop Cemetery,2011,"Horror, Mystery, Thriller","When grandfather Billie died, the only thing left to his grandsons, Josh and Conner, was the responsibility of taking care of Hilltop Cemetery for a few days. Could this be a few days of fun or ..."
Paradise Next,2019,"Crime, Drama","Three drifting souls meet by chance on an island in high summer and keep each other company. Facing their inner demons and a mysterious killer, can they truly redeem themselves through love and find the paradise in their hearts?"
What Children Do,2017,"Comedy, Drama, Family",A comedy about two estranged sisters brought back into each other's lives by the impending death of their grandmother.
Betsy,2018,Horror,"After surviving a vicious assault in the city, Betsy moves to the country in hopes of starting over, but as she begins to recover, something begins clawing its way into the moonlight."
The Accidental Prime Minister,2019,"Biography, Drama",Explores Manmohan Singh's tenure as the Prime Minister of India and the kind of control he had over the cabinet and the country.
Udhayam NH4,2013,"Action, Thriller",The movie story is set against the backdrop of the National Highways leading to Bangalore.
Belonging,1922,"Crime, Drama",In Paris a Count's enforced wife takes the blame when her ex-lover is killed by the diplomat she loves.
The Ballad of Jeffrey,2015,"Comedy, Horror","When nerdy but lovable Jeffrey sets out to cure cancer for a class project, he accidentally drinks a deadly chemical that turns him into a deranged killer. Soon, a bloody series of murder, revenge, and downright lunacy is set forth!"
Just Like Wine the Older the Better,2014,"Adventure, Comedy","A Father , Son and Good friend set out to bring the joy to Christmas, the best way they know how, and you get to experience the fun they go through to get there. You will laugh and cry with this film."
Nomads,1986,"Horror, Mystery, Thriller","A French anthropologist specializing in nomadic groups moves to Los Angeles with his wife, and starts following a group of sinister street punks who seem to live and move around in a black van. But they aren't what they seem."
Devilman,2004,"Action, Fantasy, Horror","Based on Gô Nagai's manga, about mild-mannered teenager Akira Fudô, who merges with a demon to fight other demons."
Blasted Heath,2016,"Comedy, Horror, Sci-Fi",A meteor falls on Earth and the pieces are scattered everywhere. And the future of humanity depends on a mute and paranoid scientist and a man who doesn't want to hear or understand anything.
A Single Shot,2013,"Crime, Drama, Thriller",The tragic death of a beautiful young girl starts a tense and atmospheric game of cat and mouse between hunter John Moon and the hardened backwater criminals out for his blood.
The Aryan Couple,2004,"Drama, War","A WWII Drama about a German/Jewish industrialist who, in order to ensure his family's safe passage out of Germany, is forced to hand over his business to the Germans."
Nina's House,2005,"Drama, History, War","During WWII a group of Jewish children is sent to a castle outside Paris to hide there until things cool down, but it eventually becomes their new home. Later, children from the liberated concentration camps arrive there as well."
The Secret of My Success,1987,"Comedy, Romance","A talented young man can't get an executive position without rising through the ranks, so he comes up with a shortcut, which also benefits his love life."
Street Scene,1931,"Drama, Romance",Twenty-four hours elapse on the stoop of a Hell's Kitchen tenement as a microcosm of the American melting pot interacts with each other during a summer heatwave.
Hyusisayin tziatzan,1960,"Drama, War",1828 Russian-Persian war and the diplomatic activities of Russian writer Alexander Griboedov are at the center of this war epic.
Prema Geema Jane Do,2016,"Comedy, Drama, Romance",Prema Geema Jaane Do is a soft romantic comedy. The movie is about the protagonist setting up a journey to a new place and meeting new people.Why he hates love and what is in his past forms the main crux of the story.
The Last Night,2018,"Drama, Thriller","When Bea moves back to the country house where she was born, she finds her brother and sister sill living in abject poverty. She will discover that her two siblings share the same ambiguous inclinations and more than one secret."
Gefsi apo erota,1966,Romance,A young newlywed woman discovers that her old flame has returned to Athens and finds herself grappling with uncertainty and endless what-ifs.
7 7,2022,Fantasy,"Two strangers experience a sudden death/re-birth that thrusts them into the most important relationship of their existence. Through their shattered new realities, they explore their psychological and emotional dilemmas for inner peace."
Snow Blinded,2022,"Drama, Horror, Thriller","Shawn (Michael Masurkevitch) and Manny (Mandip Brar) are spending the weekend at Shawn's family cabin. However, as the past and present begin to overlap, Shawn descends into horrific madness."
Blood Machines,2019,"Adventure, Music, Sci-Fi",An artificial intelligence escapes her spaceship to turn into a female ghost and challenges two blade runners to a galactic chase.
Tik Tik Tik,2018,"Action, Adventure, Sci-Fi","After discovering that an asteroid the size of a city is going to impact Earth in less than a month, India recruits a misfit team to save the country."
Seni Seviyorum,1983,"Drama, Romance","As a coincidence, Murat founds his ex-love Selma after several years in his town. He would like to make up and regain her trust and love. However Selma already have a different life style."
West of Zanzibar,1928,"Drama, Mystery",A magician seeks vengeance upon the man who paralyzed him and the illegitimate daughter he sired with the magician's wife.
Battalion,2018,"Action, Drama, Sci-Fi","After a war against an enemy from another world breaks out in the South Pacific, a group of freshly recruited U.S. Marines are sent to the front lines."
Shadow,2018,Horror,"Five friends plan to venture out to the forest where people are afraid to go. Though the people in the locality and the family members object to go to this haunted place, they courageously get into the forest."
Babbelkous,1974,"Comedy, Crime","A lawyer's receptionist is keen on detective stories and crime films. Believing her boss has been killed, she reports it to the police, but once questioned she knows all the answers about his disappearance."
Piégé,2014,Thriller,A soldier is stuck in a combat zone after stepping on a mine.
The Hobbit: An Unexpected Journey,2012,Fantasy,"A reluctant Hobbit, Bilbo Baggins, sets out to the Lonely Mountain with a spirited group of dwarves to reclaim their mountain home, and the gold within it from the dragon Smaug."
Glory at Dawn,1958,Action,The story of a newspaper reporter who dared face an angry outlaw band.
Skagit,2021,Horror,"On a getaway weekend in the Skagit Valley, four friends from Seattle drift into their own dark, dangerous alternate realities."
Doctor Omar's Gang,2007,"Comedy, Romance","A psychiatrist returns from abroad to apply new theories in therapy, where meet a rich girl worked as a translator but diagnosed with theft disease, and go to Dr. Omar then they fall in a love story."
The Ax,2005,"Comedy, Crime, Drama","A chemist (Garcia) loses his job to outsourcing. Two years later and still jobless, he hits on a solution: to genuinely eliminate his competition."
Nater Guru,2003,"Comedy, Drama, Romance","A man tries to bring together his girlfriends' parents, who have been estranged for fifteen years because of disagreements, misunderstandings, and pride."
Fantastic Vacance,2017,"Drama, Family",A mother and her daughter travel to find meaning for their family.
Knyaz Igor,1969,"Adventure, Musical","An adaptation into film of the opera by Alexander Borodin of the same name, in turn based on the poem ""The Lay of Igor's Host""."
Batang Cebu .45,1989,"Action, Drama",THIS ACTION FILM FEATURES THE LIFE STORY OF ANOTHER SMALL TOWN GUY WHOSE CAREER IN CRIME STARTED WITH SOME PETTY LAWLESSNESS.
Paul's Promise,2022,"Drama, Family","The inspiring true story of Paul Holderfield, a bigoted firefighter-turned pastor, who started one of the first integrated churches in the American South."
L'état de grâce,1986,"Drama, Romance",The story of an affair between a bachelor junior minister in the French socialist government and a married right-wing business woman.
Hollywood Story,1951,"Crime, Drama, Film-Noir",An independent producer unwisely opens a can of worms after he decides to make a movie about the unsolved murder of a famous silent film director in 1929.
Bert: The Last Virgin,1995,"Comedy, Family, Romance",The story of Swedish teenager Bert Ljung who has a big problem getting rid of his virginity.
Sex and the College Girl,1964,"Drama, Romance",This early 1960s film depicts the trivial pursuits and relationships of two college-age girls on a weekend vacation to a luxury resort in Puerto Rico.
Death Goes to School,1953,Mystery,A Teacher is murdered at an all girls school. Police investigate and discover that the staff room is full of suspects.
En förtjusande fröken,1945,"Comedy, Drama, Musical","Insurance salesman Paul is to be engaged with Louise, the daughter of his boss. Trying to sell insurance to a millionaire he meet the millionaire's daughter Annette whom he fall in love with after some complications and funny business."
Sahara,1983,"Adventure, Drama","Intent on winning a competition in place of her distinguished late father, beautiful young heiress Dale takes on the guise of a man and competes in his spot, embarking on a car race that crosses the unforgiving Sahara desert."
The Challenge of Flight - Go to Guns,2020,War,"This program traces the development of air combat from the use of air balloons to advanced weaponry of this era. See rare historic battle footage, cockpit views, battlefield action, bombs-eye-view in actual attacks, and more."
Cruel World,2005,"Comedy, Horror, Thriller","Reeling from his dismissal from a reality show, a deranged runner-up holds a group of co-eds hostage on the set of his own fictitious show, where losers suffer a deadly fate."
Tips for Cheating,2017,"Comedy, Romance",Two jilted women create a company to catch cheating men.
More American Graffiti,1979,"Comedy, Drama, War","Told in four different New Year's Eves in the mid 1960s, John, Terry, Debbie, Steve and Laurie deal with adulthood, the Vietnam war, peace rallies, and relationships."
Ingili,2013,Thriller,"This is an experimental suspense thriller that has only 2 characters, 1 location, 1 rainy night and a risky bet that is too easy not to turn down."
Odin,1985,"Animation, Action, Adventure","A distress signal from a point near Jupiter takes the crew of the space-ship Starlight on a voyage through the sea of stars to a mysterious planet called Odin, the possible birthplace of the universe."
London's Underworld,1914,Crime,A detective chases pearl thieves to Newhaven and saves a girl from a warehouse fire.
Angel Eyes,1993,"Crime, Drama, Thriller","A troubled teenager wants no one coming between her and her stepfather--which, unknown to him, is why she murdered her mother. Now ""dad"" has a new girlfriend, who has no idea how much trouble she will soon be in."
Karim Patwa's Spaceship,2004,"Biography, Comedy, Sci-Fi","Karim is absolutely convinced he's an extraterrestrial. To find out more, he visits his Swiss mother. Here a mysterious soft drink bottle appears which turns into a spaceship. Karim hopes to find an answer in space ..."
Paprika Jancsi,1957,"Animation, Family",This cartoon gives advice to parents what type of toys to buy for their children.
Island of Lost Women,1959,Adventure,A plane makes an emergency landing on a jungle island inhabited by a scientist and his three nubile young daughters. Complications ensue.
Revolving Face,2016,Biography,English version to release coming soon.
The Drug King,2018,"Action, Crime, Drama","Set in Busan, South Korea during the 1970s, Lee Doo-sam builds an empire as a drug smuggler in the Busan underworld, while public prosecutor Kim In-goo attempts to take down Lee Doo-sam."
Mayuran,2019,"Action, Drama, Thriller",A college student locks horns with a dreaded gangster after getting to know that his friend was killed by the latter.
My Dear Bootham,2022,"Comedy, Family, Fantasy","When a kid named Pannu finds a lantern in a cave, he opens it when he gets home and it releases the King of all Genies named Karkimuki. The genie helps the little boy with his problems of everyday life."
"Before, Now & Then",2022,"Drama, History","Nana, a gentle, beautiful young woman, escapes a violent anti-communist purge. Afterwards she lives comfortably as the second wife of a rich Sundanese man but her past re-emerges in her dreams."
Max Rules,2004,"Action, Adventure, Comedy","Three best friends spy on their families, sneak into each other's house, and organize elaborate pranks."
Alluda Majaaka!,1995,"Action, Comedy, Drama","Village bullies attempt to acquire lucrative land and engineer advantageous marital alliances, while the protagonists fight for love and honor."
The Abandoned Project X,2013,"Action, Sci-Fi, Thriller",A young man is trapped in a post-apocalyptic shack with his father. The radiation and atmospheric conditions of the world outside make them prisoners of their own home.
Don't Go Breaking My Heart,2011,Romance,"An original twist on an eternal triangle, where secret crush and unrequited love take on altogether newfangled meanings of their own."
The Tumbler,2008,"Action, Adventure, Mystery",A man hunts down buried treasure in the Australian outback from World War II with the help of an unlikely accomplice.
Looking for Mister Perfect,2003,"Drama, Action, Comedy","A policewoman has always had the worst luck in love. On a trip to Malaysia, she finally meets the man of her dreams. However, her Perfect Man might not be all he appears to be."
Ik wist het,2022,"Comedy, Romance",'IK WIST HET' is a magical feel-good film about an unorthodox young woman who opens up her own flower shop purely on intuition and meets the man she has -literally- always dreamed of.But then a new dream man presents itself.Who is the one?
"Colmillos, el hombre lobo",1993,"Horror, Mystery, Thriller","Cristóbal (Miguel Ángel Rodríguez) a poor horse rancher has big ambitions and in exchange of money and power, is cursed, now by night he turns into a ferocious werewolf"
Illusionism,2015,Thriller,"An art student moves into a house owned by a mysterious woman. She discovers that her new artistic talent comes from beyond this world, revealing very deadly secrets about previous residents."
Pari,2018,Horror,A man rescues a mysterious woman from the jungle.
When Zachary Beaver Came to Town,2003,"Comedy, Drama, Family","Zachary Beaver, a sideshow attraction known as the world's fattest boy, arrives in the sleepy town of Granger, Texas."
Rasputin,1938,"Biography, Drama, History","Story of the Siberian monk Gregory Rasputin and the hold he exerted over the court of the last Russian czar, Nicholas."
Hachi-ko,1987,"Biography, Drama, Family","The true story about a dog's loyalty to its master, even after his death."
Dost Garibon Ka,1989,"Action, Comedy",A thief steals from the rich and gives it to poor.
Secrets of the Magic City,2014,"Comedy, Drama, Mystery",Secrets is a gritty story filled with hope and the will to survive.
Cinco gallinas y el cielo,1957,"Comedy, Drama, Sci-Fi","One night, a thief steals five chickens to sell it. This is a particular because those animals have an special component that will bring audacity to anyone who eats its flesh."
Friendship,2021,"Action, Crime, Drama","Set in college, Friendship is an emotional saga where two friends go out of their way to help a girl get justice, who is sexually abused and killed by goons. Will they succeed? After all, justice delayed is justice denied."
Dead Badge,1995,"Action, Drama, Thriller","A clean cop gets assigned to a corrupt precinct, leaving him with two options: either give in or be next in line to have an ""accident"" wearing that badge."
Zero Hour!,1957,"Action, Adventure, Drama","In 1950s Canada, during a commercial flight, the pilots and some passengers suffer food poisoning, thus forcing an ex-WWII fighter pilot (Dana Andrews) to try to land the airliner in heavy fog."
Weerawarna,2016,"Drama, Mystery",A Professor and group of youngsters try to stop the theft of artefacts.
Das Geheimschloss,1914,Adventure,"When a banker is threatened by extortionists, and his son is kidnapped, woman detective miss Clever goes undercover."
Enlightened,2015,"Horror, Thriller",A bible sales man scours a local neighborhood in an attempt to cleanse the world of sin.
Corte Seco,2014,History,"On August 31, 1969, in São Paulo, five militants from the armed left who were fighting the military dictatorship were arrested by Operation Bandeirantes (Oban)."
Dakka,2007,"Action, Drama","Due to adversity, a dacoit helps poor people and he robbed rich and the crook who is very gentle and kind for public."
White Hunter,1936,Adventure,Safari guide (Baxter) is hired by the man (Lawson) who was responsible for his father's death.
A Horse for Summer,2015,"Drama, Family","When a family emergency forces a troubled teen to do the wrong thing for the right reason, a community discovers the meaning of forgiveness."
Pikajuna pohjoiseen,1947,"Crime, Drama, Thriller",The destinies of different kind of people encounter in a passenger train that is traveling from Helsinki to the Norht.
Nieruchomy poruszyciel,2008,Thriller,A head of a factory starts using one of his female workers as a toy in more and more sadistic ways.
Machete Kills,2013,"Action, Crime, Thriller",The U.S. government recruits Machete to battle his way through Mexico in order to take down an arms dealer who looks to launch a weapon into space.
Terror of Prehistoric Bloody Monster from Space,1998,"Comedy, Horror, Sci-Fi","When a paleontologist discovers dinosaur eggs, a mad scientist purchases the eggs with the intention of creating dinosaur / crocodile hybrids."
Thieves,2007,"Drama, Romance",A love story between a professional thief and a prep student from a wealthy family.
Aragne: Sign of Vermillion,2018,Animation,"A young woman in a decaying apartment complex finds herself seeing worms and moths everywhere, bursting out of beetles, animals, and people, and sets out to find how this is related to a rash of murders across the city."
The King of the Kickboxers,1990,"Action, Crime, Sport",A cop goes undercover in Thailand to avenge his brother's death in this martial arts film.
Back to the 70's: Of Wine & Weed,2015,"Action, Comedy, Drama","Two friends struggle with life after college during the 1970's, until a wizard sends them to the future to face harsher challenges and try to find their way back to the 70's."
Paradise Lost,2006,Horror,What happens when 8 reality show contestants and a small crew get stranded on a deserted island? At first it's all fun and games. But when one turns out to be a killer hellbent on revenge surviving the night seems less and less possible.
Housefull 3,2016,"Action, Comedy, Romance","A father doesn't want his three daughters to get married. Now, it's up to three men to try to and convince the father that they're a good fit for his daughters."
Love Is Color Blind,2021,"Comedy, Romance","A free-spirited young lady helps her high school best friend navigate from an accident that took away his mom and the colors in his vision, while also nursing her heart that has long harbored a deep feeling for him"
Saybiriya,2023,"Drama, Thriller","A failed journalist accidentally saves a girl from suicide. She draws him into a strange game, the way out of which does not look unambiguous."
Gençlik rüzgari,1964,"Comedy, Romance","Realizing that they live independent lives when they complete their education and return to their homeland, Mehmet and Fatma decide to give their relationship a last chance."
Eldsjälen,2000,"Drama, Fantasy, Romance","In a near future the government decides to save money on psychiatric care. Josh, a mute war victim, is let out on the cold, gritty streets where he befriends the beautiful Maria who hides a horrible secret."
Avenger Dogs,2019,Animation,"The Star Paws team is back and this time the entire galaxy is at stake! When an evil cat named Marlon Butterpaws makes plans to destroy the universe, it's up to an elite space dog team known as Star Paws to find and stop him."
Sakshal Sreeman Chathunni,1993,"Comedy, Drama, Fantasy","The lives of two friends, who are passing through a bad phase, take a turn when they happen to befriend a genie."
Monster High: Welcome to Monster High,2016,"Animation, Fantasy","When Dracula meets Frankie, they decide to create a school. But recruiting students always comes with its trials and tribulations."
Bruden fra Dragstrup,1955,"Family, Romance","At Helene Dragstrup's 20th birthday, her grandmother Margrethe decides that it is time that Helene learns something about life outside the protective walls of the estate."
Boy s tenyu 3. Posledniy raund,2011,"Action, Crime, Drama","A famous boxing champion is now retired and became a coach. But after a newcomer mutilates his ward, he decides to solve the riddle of his power."
La Mary,1974,"Drama, Fantasy, Thriller",A sexually-repressed girl of the Buenos Aires slums slowly goes mad after marrying.
The Beetle,1919,"Drama, Horror","A beetle is possessed by the soul of an ancient Egyptian princess, who is determined to get her revenge on a member of the British Parliament."
Rising Tides,2016,"Drama, Horror, Thriller","Two ex-lovers are at odds with one another during a weekend lake house party. As a killer in the woods picks off their friends one by one, they must decide whether to rekindle their flame or lose each other forever."
Silent Madness,1984,"Horror, Thriller","A criminally insane man is accidentally released from a mental hospital. The staff tries to cover it up, but a young psychiatrist travels to the college town where he committed several murders to warn the locals and anticipate his arrival."
Puppy Swap: Love Unleashed,2019,"Family, Romance","A heartwarming family film about an engaged couple that adopts two puppies. When the couple splits up, the puppies hatch a plan to bring the two back together."
Mr. Denning Drives North,1951,"Crime, Drama, Mystery","A British aircraft engineer accidentally kills his daughter's nasty foreign boyfriend, then tries to cover up his deed."
Yunus Emre: Askin Sesi,2014,"Drama, History","Running away from the Mongolian invasion, a young but highly devoted Anatolian scholar during the 13th Century embarks on a solo pilgrimage to find God in an allegory of the long lost love."
Ricordi?,2018,"Drama, Romance",A love story told through the memories of two nameless lovers in different stages of their lives.
Transcendence,2012,Sport,Transcendence offers insight into extreme sports psychology backed by the research of Dr. Eric Brymer. Follow the worlds most talented extreme sports athletes through in-depth personal accounts and breathtaking cinematography.
"Romulus, My Father",2007,"Biography, Drama","It tells the story of Romulus, his beautiful wife, Christina, and their struggle in the face of great adversity to bring up their son, Raimond. It is a story of impossible love that ultimately celebrates the unbreakable bond between father and son."
Polk County Pot Plane,1977,"Action, Crime",A criminal gang bust two of their incarcerated colleagues out of jail in order for them to take on a high profile drug smuggling operation.
The Midnight Drives,2007,"Drama, Fantasy","Thee story of a broken family on their annual holiday to a bleak, lifeless, out-of-season Cornwall."
The Wildcat of Paris,1918,"Crime, Drama, War",A girl from Paris' underworld fights for love and survival during a time of international turmoil.
Substitution,1970,"Comedy, Romance",The love life of a married couple becomes strictly routine and the husband takes his best friend advice and goes on a pilgrimage to see the all-knowing Maharaji.
Flames of Blood,1981,"Action, Crime","The story of a drunken fighter (Sugawara) and an ailing, blind singer (Baisho) amid the power struggle between the Shogunate government and the Emperor in mid-19th century Japan."
Starview HCT-5808,1984,Sci-Fi,A slide show of sci-fi space illustrations composed of slow dissolves and an equally futuristic and space-y music.
Minchina Oata,1980,"Adventure, Crime","Two small-time thieves hatch a plan to get rich. They hire an automobile mechanic, with financial troubles, to help them in stealing cars."
Hohnbeer - Das Geheimnis der Westeregge,2021,Adventure,"Nico comes to Heide to study historical buildings. He meets the pretty city guide Heidi. During research in history, both discover clues to a hidden gold treasure, but draw the attention of a secret society, named ""Westeregge""."
The Fixer,2017,Action,A defiant cop must infiltrate a Colombian drug cartel and track down its bosses by being a vice agent known as 'The Fixer'.
Wolves,2016,"Comedy, Drama, Family",Anthony hopes his basketball skills will get him into Cornell after high school. His only obstacle is his dad's gambling.
Thai Police Story,1986,"Action, Crime, Drama",Panna Rittikrai stars as a man caught between corrupt police officers and vicious drug gangs.
Madham,2020,Crime,"A hot blooded gangster and his friends embark on a crime filled path to appease their thirst for wealth. On their crime littered journey, they face unexpected twists and events along the way makes them discover their true hidden selves."
The Love Is Forever,2015,Romance,"The Love is Forever is a 2015 Indian romantic movie directed by Honey Vee starring Manoj Verma, Rana Jung Bahadur, Manoj Pandit, Manpreet Singh and Sonia Bindra, Viraat Attri as lead characters."
Car 24,2023,"Action, Crime, Drama",Two hit men who don't know each other end up trapped in a car for 24 hours parked in a Los Angeles street awaiting orders to kill a target. Both men will undergo a conscience check as well as human existence conflicts.
Provincetown: Out Of Hibernation,2023,"Drama, Romance",LGTBQ romantic love story set in the reality of Bear Week in Provincetown. Shot in the magical setting of summer in Cape Cod.
Bangkok Dark Tales,2019,Horror,Three Horror stories with Bangkok as background.
S.P.Q.R. 2000 e 1/2 anni fa,1994,"Comedy, Fantasy","A comedy based on the Ancient Rome with Christian De Sica, Massimo Boldi and Leslie Nielsen."
Bride of the Gorilla,1951,"Adventure, Horror","The owner of a plantation in the jungle marries a beautiful woman. Shortly afterward, he is plagued by a strange voodoo curse which transforms him into a gorilla."
"O Thanasis, i Ioulietta kai ta loukanika",1970,"Comedy, Romance","Mad in love with a kind woman, a tireless locksmith has to deal with her rough three brothers and her butcher father, who want to marry her off to a sausage retailer. Will he summon up the courage to save his charming damsel in distress?"
Hafenmelodie,1949,Crime,A gang of thieves plans to hit of a warehouse filled with precious stuff.
Savaitgalis pragare,1987,"Adventure, Drama, War",It is the summer of 1944 and two prisoners of war - a Lithuanian teacher and a Russian Navy officer - make an impulsive escape attempt and end up on a Baltic seaside resort for SS officers.
Madame Edouard,2004,"Comedy, Crime","In Brussels, the corpses of young women were discovered buried behind the graves of collectors of paintings. Each of them lacks the right forearm."
Derelicts,2017,Horror,A strained suburban family's Thanksgiving is disrupted by a gang of vicious vagrants.
Erased at age 17,2015,Thriller,A 17 year old couple loses their will to live after their world falls apart.
Ecce Homo: Storia del passaggio di una sacra reliquia nel borgo degli Orci,2020,History,"Italy, 1536 d.C. Carlo II of Savoia, lord of Turin, has lost the war against Francesco I, king of France. He escape in a city far from home, Mantova - but during the trip, he arrives in a little town named Orci Novi."
The Lightning Warrior,1931,"Family, Western","A Rin-Tin-Tin serial presented in 12 episodes. The mysterious Wolf Man is terrorizing settlers in a western town. With the help of Rinty, young Jimmy Carter unmasks the Wolf Man and foils his evil plot."
Ex Cathedra,2009,"Drama, Thriller","As Kevin's life starts to crumble around him a new one opens up before him full of exotic drugs, double dealings, mysterious girls and fallen angels."
Drii Winter,2022,"Drama, Romance","In a remote mountain village, Anna tries to preserve her young love for Marco, against all odds."
Gehraiyaan,2022,"Drama, Romance",Takes you on a journey into the deep rooted intricacies of modern human relationships.
Man in the Mirror,2008,Action,"A group of people, living on the edge of society, try to survive on the streets of New York City in the shadow of the World Trade center in the early seventies."
Chunhyang,2000,"Drama, Musical, Romance","A governor's son falls in love and marries a beautiful girl, the daughter of a courtesan. Their marriage is kept a secret from the governor who would immediately disown him if he found that his son married beneath him."
Daredevil Jack,1920,"Action, Adventure, Mystery","Jack Derry accidentally becomes involved in a mystery surrounding Glory Billings, when fate makes him her rescuer in a kidnapping episode."
No Place for a Lady,1943,"Comedy, Crime, Drama",Private detective Jess Arno and his real estate agent fiance June try to solve the murder when a tire magnate's body is found at a beach house.
Louise and Her Lover,2011,"Crime, Romance, Thriller",A lesbian wanna-be model falls dangerously in love with an up and coming painter. The relationship goes too far too fast and the lines between art and sex get blurred.
The Bloodsucker Leads the Dance,1975,"Horror, Mystery","Gothic lesbians prowl the corridors of a miserable little castle in Italy and fall prey to a deranged count with resplendent canine gnashers, a ghostly white complexion and the personality of Atilla the Hun."
The Artist,2011,"Comedy, Drama, Romance",An egomaniacal film star develops a relationship with a young dancer against the backdrop of Hollywood's silent era.
File 25,2010,"Crime, Drama, Romance",Jamie is accused of a murder by society it's only a matter of time until Rosie can't take anymore of Jamie's excuses.
Nachtwacht: De dag van de bloedmaan,2021,Fantasy,"Vlad, Keelin and Wilko find themselves in the world of werewolves. Here Wilko's father, Lupino, has united the wild werewolf clans in peace. Together with Wilko's sister Rhea, he wants to lead the werewolves into the modern age."
Nella notte,2004,Horror,A Russian female vampire is on a mission of revenge in Rome's criminal underworld.
Wigan Athletic Season Review 2007-2008,2008,Sport,A review of Wigan's 2007/2008 season.
Locked Down,2021,"Comedy, Crime, Romance","A couple attempts a high-risk, high-stakes jewelry heist at a department store."
Aqwa Al Rejal,1993,"Action, Drama",Zaki is a simple poor man living with his little family. He got arrested by mistake for looking like a very dangerous criminal called Al Wahsh (The Beast). People started to fear and kneel for him while he's looking for the real Al Wahsh
Tía Madré,2019,Horror,"Tia Madre is a horror film told by a hyper-imaginative 10-year old girl named Camille, whose mother transforms into something more sinister, violent, distant, and possibly not human."
Bloodstained Romance 2,2010,Horror,Audrey is a high school girl who is used to getting what she wants. That is until a new substitute teacher shows up at her school. If she can't have him... No one can.
Rose of Washington Square,1939,"Drama, Musical, Romance","A singer becomes a star in the Ziegfeld Follies, but her marriage to a con man has a bad effect on her career."
The Last Supper,2014,"Adventure, Mystery, Thriller",Three friends in quest for a documentary production in a haunted jungle as part of a 'Adventure Competition'.
Fearless Faith,2020,"Drama, Family","Colton, a respected sheriff's deputy, begins to question his faith in the shadow of his gunned down partner/ best friend. A grateful pastor helps to restore his fearless faith."
Until They Sail,1957,"Drama, Romance, War","During WWII, husbandless New Zealand women meet and marry American soldiers who are fighting in the Pacific theater."
Married to the Mob,1988,"Comedy, Crime, Romance","A mobster's wife hates her lifestyle, but gets a chance to change it when her husband is killed - if the Long Island mob and the FBI let her."
Ferocious,2013,Thriller,"Leigh Parrish, a likeable, small-town girl, now famous actress, takes increasingly drastic steps to protect her fame."
Ellos eatnu - La elva leve,2023,"Drama, History","Ester hides her identity to avoid being exposed to racism. When Ester suddenly finds herself in the middle of demonstrations against a big dam development in Alta, a personal journey out of the shame she has carried so long begins."
I Am Corn Puffians: Ghost Camera,2022,"Drama, History","Through the entanglement of home videos, archival footage, and cinéma vérité, I Am Corn Puffians: Ghost Camera seizes 116 years of Toronto history to tell the tale of a documentarian's descent into artistic madness."
Out to Sea,1997,"Comedy, Romance","A failed gambler, intent on meeting a rich widow, tricks his widowed brother-in-law into boarding a cruise ship as dance hosts."
Iyo ang Tondo kanya ang Cavite,1986,"Action, Drama",TWO ACTION GIANTS OF LOCAL TEAM-UP TO DRAMATIZE TERRITORAL IMPERATIVES AMONG LOCAL KINGPINS.
Volta,2004,"Action, Adventure, Comedy",A female superhero born with a curse to save the world.
Hot Wings,2013,"Crime, Drama, Thriller","Local criminals are earning their own piece of the pie in 2012, organ trafficking from the East End of London. When a returning son uncovers the theft of his Dad's heart, there is all hell to pay."
Andy the Talking Hedgehog,2018,Family,"After a girl's wish for all animals to have the ability to speak comes true, local robbers try to capture her talking hedgehog."
Virality,2017,"Crime, Drama","A bitcoin heist connects four stories, each involving characters dealing with viral and social phenomena of a developing society."
Single and Ready to Jingle,2022,"Comedy, Family, Romance","Emma Warner, as a SVP of a toy company, spends 12 months a year focusing on Christmas, leaving no time for dating. This year, she plans a trip to a tropical singles resort, but a booking mistake takes her to a Christmas obsessed town."
The Big Easy,1986,"Comedy, Crime, Drama",A corrupt lieutenant in the homicide division is threatened by the righteous DA while trying to solve a string of mysterious murders.
Bound,2015,"Drama, Thriller","The daughter of a wealthy real estate broker falls in love with a younger man, who introduces her to B&D and S&M. Using her newly awakened sexual prowess, she finally takes charge of her own life."
Side by Side,2013,"Drama, Family","Side by Side explores, with refreshing honesty, the unique bond between a brother and a sister. Facing the rest of their childhood apart, they runaway in search of the only person who can keep their family together."
"Sanjûsangen-dô, tôshiya monogatari",1945,War,"Tale of martial skill set in the Edo era, and completed with difficulty during the last months of WWII: the son of an archer ,who killed himself after losing a contest, takes up his father's former profession."
Wu hu jiang,1985,Family,A woman coach inspires a teenage table tennis team.
Quid,2020,Crime,Michele Ferretti is a small underworld boss in the Roman suburbs who must manage his uncle's empire as long as he is segregated under house arrest.
"The Prize Winner of Defiance, Ohio",2005,"Biography, Drama","In order to support her ten children, Evelyn Ryan enters a commercial jingle-writing contest."
A Colt Is My Passport,1967,"Action, Crime","A hit man is hired to kill a mob boss. After the deed is done, he and his driver are wanted dead by rival gangs who joined forces."
The Old Dark House,1963,"Comedy, Horror, Mystery","In England, an American car salesman ends-up spending a stormy night at the mysterious and deadly mansion of a client's family."
The Insomniac,1971,"Mystery, Thriller",An insomniac man who lives in a sterile urban environment has a strange waking dream one night in which he experiences a surreal adventure incorporating wild nature and sexual freedom.
The Crime Doctor's Warning,1945,"Crime, Mystery",The Crime Doctor must prove the innocence of an artist accused of murdering his model during one of his blackout spells.
Paris clandestin,1957,Crime,"Lucky, owner of the Les Naturistes nightclub, is organizing bets for the Longchamp races. Max, the tipster, is shot by Bramati, Luky's ex-partner. The Judicial Police investigate and must deal with the case tactfully to find the killer"
Chernobyl: Abyss,2021,"Action, Drama, History",A story about a heroic fireman who worked as one of Chernobyl liquidators.
Lake Placid,1999,"Action, Comedy, Horror","Three people attempt to stop a gigantic crocodile, who is terrorizing residents in Black Lake, Maine."
Gukga daepyo,2009,"Comedy, Drama, Sport",Five men go for the gold as members of Korea's national ski jumping team.
Kasaba,2016,"Action, Crime, Thriller","Rajan Zachariah, an Inspector of Police working in the Palakkad District on the Kerala-Karnataka border, investigates a murder case that is very important to him."
Big,1988,"Comedy, Drama, Fantasy","After wishing to be made big, a teenage boy wakes the next morning to find himself mysteriously in the body of an adult."
Wild Is the Wind,2022,"Crime, Drama","Racial tensions and corruption come to a head in a small, segregated town after the police find the body of a young Afrikaner girl in the bush."
The Black String,2018,"Horror, Mystery, Thriller","After a one-night stand with a mysterious and beautiful woman, Jonathan falls ill and starts to believe that he's the victim of a sinister supernatural plot."
Halloween Pussy Trap Kill! Kill!,2017,"Crime, Horror, Musical","Members of the all-girl punk rock band ""Kill, Pussy, Kill!"" must fight for their lives and attempt to outwit an unknown assailant after finding themselves trapped in a madman's maze."
Maybe I Do,2023,"Comedy, Romance","Michelle and Allen are in a relationship. They decide to invite their parents to finally meet about marriage. Turns out, the parents already know one another well, which leads to some differing opinions about marriage."
Dear Affy,2020,"Comedy, Romance",An engaged couple hit a number of speed bumps on their road to matrimony including major career complications and questions of fidelity.
Pippa,2016,"Action, Comedy","Pippa and Glenn are done after 5 years of marriage, they both wan't to divorce but can't seem to agree on the devision of everything."
The Marble Jaw,2009,Thriller,The survivor of a pistol duel is accidentally buried alive and must use all his wits to escape his prison.
Adeului shimpan,1960,"Crime, Drama","A mother learns of a plot against the life of her son, a prosecuting attorney. She decides to take pre-emptive action and kills the would-be murderer. Now she finds herself facing charges of premeditated murder."
Secret Obsession,2019,Thriller,"Recuperating from trauma, Jennifer remains in danger as she returns to a life she doesn't remember."
Zomboobies!,2014,"Comedy, Horror","While conducting experiments to create ""the perfect boobs"" a group of doctors are transformed into Evil Mutant Creatures with an unstoppable hunger for BOOBS."
The Story of Mary of Nazareth,2016,History,"What is really known about Jesus' mother? Does concrete historical proof exist of her life? Using theological, historical, literary, and archaeological sources, we will explore the fascinating universe that surrounds Mary of Nazareth."
Krishnashtami,2016,"Action, Comedy, Romance","Krishnashtami tells the story of an NRI who returns to India with a definite purpose. This romantic entertainer is told with large doses of comedy, romance and family values."
Playball,2008,"Comedy, Drama, Sport","A promising MLB player is forced to return to his country after being found to be using steroids, and the only option he gets to rebuild his life is joining a team of losers in the Dominican league."
Pocketman and Cargoboy,2018,"Adventure, Comedy, Sci-Fi",Teenage secret agents must travel to the past and stop an evil doctor from creating a virus that wipes out all life in the future.
Star Light,2020,Horror,A teen's life is turned upside down when he helps a world-famous pop star on the run to escape her violent pursuers.
Dukun Doktor Dani,2016,"Comedy, Drama, Romance","In Dukun Doktor Dani, 34-year-old Taufik plays the titular character. After losing a patient during an operation, an emotionally-distressed Dani quits the medical profession and retreats to his hometown."
Austenland,2013,"Comedy, Romance","Obsessed with Pride and Prejudice (1995), a woman travels to a Jane Austen theme park in search for her perfect gentleman."
Enbalming,1999,"Drama, Horror, Mystery","After the head of the corpse of a teenager she's restoring is stolen, an embalmer encounters the organ black market and a necrotomic religious cult."
Kill the Fatted Calf and Roast It,1970,"Drama, Thriller",When a young man named Enrico comes back home for his fathers funeral he discovers his brother Cesare and his sister Verde may be plotting his death.
Ssonda,2007,"Action, Comedy, Crime","After Park Man-su's wife asks for a divorce, the conservative salesman decides that he'll no longer play by the rules. Though a series of mishaps, Man-su becomes an unwitting fugitive from justice."
Dawn of America,1952,History,A dramatization of Christopher Columbus' voyage to the Americas.
Palace of Shame,1954,"Crime, Drama","After a performance at the Concert Mayol, a Parisian music hall, dancer Mado is poisoned with arsenic and transported to hospital, and survives. Immediately the rumors run behind the scene."
Ang biyenang hindi tumatawa,1954,"Comedy, Drama, Romance","When a mother-in-law SCOLDS--that's ordinary, GOSSIPS--that's understandable, DESPAIRS--that's bearable. But when a mother-in-law just won't laugh--WHAT A MISFORTUNE."
Misfit,2016,Horror,A young teenage girl is horribly picked on at school and at home. She is befriended by a homicidal killer who teaches her how to get even with her enemies by using torture.
The Filth Shop,1969,"Crime, Drama",A crime syndicate abducts young women and forces them into pornography.
Arunachalam,1997,"Action, Comedy, Drama","The movie revolves around Arunachalam (Rajini), who is the son of the VIP of a village who finds out about his past but destiny has its own play."
La page blanche,2022,"Comedy, Fantasy, Romance","Eloïse is sitting alone on a bench in Paris. She can't remember who she is, where she comes from or how did she get here. So, she begins a funny investigation on her life. This amnesia might help her finding love and reinventing her life."
A Match Made at Christmas,2021,"Comedy, Drama, Romance","Romantic, small-town girl Holly and realist, career-driven Chris aren't a likely pair, but when ""matched"" together by Holly's all-knowing great-aunt, they don't have much of a choice."
Sahapadi 1975,2016,Thriller,Sahapadi 1975 is an interesting campus love story set against the backdrop of politics
Struggling,1932,"Drama, Romance, War","A young Shanghai woman battles against the tyranny of her bullying father, with the help of a bookish neighbor."
Slave Girl,1947,"Action, Adventure, Comedy","An American adventurer goes to Tripoli to rescue some kidnapped sailors, but gets involved with a beautiful slave girl."
Grave Men,2020,"Crime, Drama, Thriller","As a 'bin man' for a London crime syndicate, Jimmy Trueman used to dump bodies in the night. As a witness protection member, he now leads an average life as 'Frank Wallace'. But his bloody past is about to catch up with him."
Mr. Bones,2007,"Drama, Family, Romance","When three children survive a bus crash that kills their parents, their childhood dies as well. Until they find an unlikely partner in grief at the shallow grave of a long lost child in the woods of a desolate park."
Intruder,1997,Horror,"A mainland Chinese girl is, with her husband, a wanted criminal and they have to get to Hong Kong in order to stay alive and be free."
Ice Scream,2016,"Drama, Thriller",A shy young man attempts to buy ice cream for his girlfriend when faced by two of the town's worst bullies. This is the beginning of a day he will never forget.
Letayushchiy korabl,1960,Fantasy,"Ukrainian folk tale. The hero of the story, Kotigoroschko sets off on an arduous journey to find his sister Olenka, who has been kidnapped by an evil dragon."
It Happened That Night,2021,Thriller,"Faced with responsibility of bringing the beast responsible for the murders, with one single suspect, who pleads innocent, Dalwai finds himself leaving no stones unturned in cracking the most complicated case of his service."
Money Movers,1978,"Crime, Drama, Thriller",An armoured car company is the target of repeated heists. Company leadership is enforcing new measures in order to tighten security. The biggest danger of a new heist lies from within the company's own ranks.
Ulkuthu,2017,Thriller,"Ulkuthu is set in a small coastal town which is ruled by Kaka Mani (Sharath Lohitashwa) and his brother Saravanan (Dhilip Subbarayan), loansharks who deal in blood and blows when their debtors don't pay on time."
Namukku Parkkan Munthiri Thoppukal,1986,Romance,A man falls in love with his new neighbor but then finds that her family life is difficult.
Të Mjerët,2013,"Crime, Drama, Thriller","A clash of two cultures, one primitive and the other exotic wild and cunning, but both of them with a violence and crime story, will face with each other in a house."
Rage and Honor II,1993,"Action, Crime, Drama","Kris and Preston team up once again to take on powerful gangster Buntao. But, Buntao has problems of his own, dealing with Dazo, another gangster who is on a steady rise to power."
The Adventures of Busty Brown,1967,"Crime, Drama","Large-breasted private eye Busty Brown is hired to rescue a kidnapped Asian girl, so she gets a job at a sleazy nightclub where she believes the owner is involved in the kidnapping."
Dziewczeta z Nowolipek,1986,"Drama, History, Romance",Coming of age story of four girls living in the same poor district of Warsaw just before the outbreak of World War One.
Badhai Ho Beti Huee Hai,2022,Family,This story is about journey of a girl who was rejected by society and her family since birth and later how she turned out to be a boon for society and her family.
The Dark Knight Rises,2012,"Action, Drama","Eight years after the Joker's reign of chaos, Batman is coerced out of exile with the assistance of the mysterious Selina Kyle in order to defend Gotham City from the vicious guerrilla terrorist Bane."
Skin Deep,1979,"Comedy, Romance",A group of teenagers are on holiday in the Aeolian islands.
Girlfriend,2019,Romance,"Nachiket is single and peer pressure to be in a relationship drives him to do something risky. But, does it land him in trouble or does it change his life for good?"
Primer,2004,"Drama, Sci-Fi, Thriller","Four friends/fledgling entrepreneurs, knowing that there's something bigger and more innovative than the different error-checking devices they've built, wrestle over their new invention."
Some May Live,1967,"Drama, Thriller, War",During the Vietnam War U.S. decoder Kate Meredith is plagued with guilt when her correspondent husband coerces her to pass information to him and the Viet Cong.
Knuckle Jack,2014,"Crime, Drama","When a small town foul-mouthed drunk with an artistic gift for thievery is entrusted with his young niece for the summer, the question is not if he is ready for the task at hand-- but is she?"
Reaper,2014,Fantasy,A wrongfully accused fugitive is chosen by the Angel of Death to become a Grim Reaper.
Cantinflas,2014,"Biography, Comedy, Drama","The untold story of Mexico's greatest and most beloved comedy film star of all time, from his humble origins on the small stage to the bright lights of Hollywood."
Text,2019,"Drama, Thriller","College student Ilya spends 7 years in prison on a fake drug bust. Coming out, he wants revenge on the dirty cop, Pyotr. He gets Pyotr's smartphone filled with personal info and starts texting - pretending to be Pyotr."
